interval_start_utc,interval_end_utc,location,lmp_dam
2012-12-01 00:00:00+00:00,2012-12-01 01:00:00+00:00,HB_NORTH,20.0
2012-12-01 01:00:00+00:00,2012-12-01 02:00:00+00:00,HB_NORTH,17.71
2012-12-01 02:00:00+00:00,2012-12-01 03:00:00+00:00,HB_NORTH,16.5
2012-12-01 03:00:00+00:00,2012-12-01 04:00:00+00:00,HB_NORTH,16.48
2012-12-01 04:00:00+00:00,2012-12-01 05:00:00+00:00,HB_NORTH,16.54
2012-12-01 05:00:00+00:00,2012-12-01 06:00:00+00:00,HB_NORTH,18.19
2012-12-01 06:00:00+00:00,2012-12-01 07:00:00+00:00,HB_NORTH,19.66
2012-12-01 07:00:00+00:00,2012-12-01 08:00:00+00:00,HB_NORTH,21.0
2012-12-01 08:00:00+00:00,2012-12-01 09:00:00+00:00,HB_NORTH,24.64
2012-12-01 09:00:00+00:00,2012-12-01 10:00:00+00:00,HB_NORTH,23.94
2012-12-01 10:00:00+00:00,2012-12-01 11:00:00+00:00,HB_NORTH,27.34
2012-12-01 11:00:00+00:00,2012-12-01 12:00:00+00:00,HB_NORTH,28.11
2012-12-01 12:00:00+00:00,2012-12-01 13:00:00+00:00,HB_NORTH,28.15
2012-12-01 13:00:00+00:00,2012-12-01 14:00:00+00:00,HB_NORTH,30.0
2012-12-01 14:00:00+00:00,2012-12-01 15:00:00+00:00,HB_NORTH,28.62
2012-12-01 15:00:00+00:00,2012-12-01 16:00:00+00:00,HB_NORTH,28.5
2012-12-01 16:00:00+00:00,2012-12-01 17:00:00+00:00,HB_NORTH,30.39
2012-12-01 17:00:00+00:00,2012-12-01 18:00:00+00:00,HB_NORTH,48.29
2012-12-01 18:00:00+00:00,2012-12-01 19:00:00+00:00,HB_NORTH,46.07
2012-12-01 19:00:00+00:00,2012-12-01 20:00:00+00:00,HB_NORTH,32.51
2012-12-01 20:00:00+00:00,2012-12-01 21:00:00+00:00,HB_NORTH,28.5
2012-12-01 21:00:00+00:00,2012-12-01 22:00:00+00:00,HB_NORTH,27.48
2012-12-01 22:00:00+00:00,2012-12-01 23:00:00+00:00,HB_NORTH,25.71
2012-12-01 23:00:00+00:00,2012-12-02 00:00:00+00:00,HB_NORTH,22.2
2012-12-02 00:00:00+00:00,2012-12-02 01:00:00+00:00,HB_NORTH,21.15
2012-12-02 01:00:00+00:00,2012-12-02 02:00:00+00:00,HB_NORTH,17.87
2012-12-02 02:00:00+00:00,2012-12-02 03:00:00+00:00,HB_NORTH,16.17
2012-12-02 03:00:00+00:00,2012-12-02 04:00:00+00:00,HB_NORTH,16.12
2012-12-02 04:00:00+00:00,2012-12-02 05:00:00+00:00,HB_NORTH,15.99
2012-12-02 05:00:00+00:00,2012-12-02 06:00:00+00:00,HB_NORTH,18.33
2012-12-02 06:00:00+00:00,2012-12-02 07:00:00+00:00,HB_NORTH,21.25
2012-12-02 07:00:00+00:00,2012-12-02 08:00:00+00:00,HB_NORTH,21.6
2012-12-02 08:00:00+00:00,2012-12-02 09:00:00+00:00,HB_NORTH,23.18
2012-12-02 09:00:00+00:00,2012-12-02 10:00:00+00:00,HB_NORTH,24.5
2012-12-02 10:00:00+00:00,2012-12-02 11:00:00+00:00,HB_NORTH,26.15
2012-12-02 11:00:00+00:00,2012-12-02 12:00:00+00:00,HB_NORTH,26.0
2012-12-02 12:00:00+00:00,2012-12-02 13:00:00+00:00,HB_NORTH,26.56
2012-12-02 13:00:00+00:00,2012-12-02 14:00:00+00:00,HB_NORTH,27.53
2012-12-02 14:00:00+00:00,2012-12-02 15:00:00+00:00,HB_NORTH,28.24
2012-12-02 15:00:00+00:00,2012-12-02 16:00:00+00:00,HB_NORTH,29.09
2012-12-02 16:00:00+00:00,2012-12-02 17:00:00+00:00,HB_NORTH,29.1
2012-12-02 17:00:00+00:00,2012-12-02 18:00:00+00:00,HB_NORTH,47.56
2012-12-02 18:00:00+00:00,2012-12-02 19:00:00+00:00,HB_NORTH,42.18
2012-12-02 19:00:00+00:00,2012-12-02 20:00:00+00:00,HB_NORTH,33.0
2012-12-02 20:00:00+00:00,2012-12-02 21:00:00+00:00,HB_NORTH,27.26
2012-12-02 21:00:00+00:00,2012-12-02 22:00:00+00:00,HB_NORTH,27.23
2012-12-02 22:00:00+00:00,2012-12-02 23:00:00+00:00,HB_NORTH,25.24
2012-12-02 23:00:00+00:00,2012-12-03 00:00:00+00:00,HB_NORTH,20.11
2012-12-03 00:00:00+00:00,2012-12-03 01:00:00+00:00,HB_NORTH,18.08
2012-12-03 01:00:00+00:00,2012-12-03 02:00:00+00:00,HB_NORTH,16.68
2012-12-03 02:00:00+00:00,2012-12-03 03:00:00+00:00,HB_NORTH,16.12
2012-12-03 03:00:00+00:00,2012-12-03 04:00:00+00:00,HB_NORTH,16.1
2012-12-03 04:00:00+00:00,2012-12-03 05:00:00+00:00,HB_NORTH,17.05
2012-12-03 05:00:00+00:00,2012-12-03 06:00:00+00:00,HB_NORTH,19.22
2012-12-03 06:00:00+00:00,2012-12-03 07:00:00+00:00,HB_NORTH,26.13
2012-12-03 07:00:00+00:00,2012-12-03 08:00:00+00:00,HB_NORTH,25.92
2012-12-03 08:00:00+00:00,2012-12-03 09:00:00+00:00,HB_NORTH,25.41
2012-12-03 09:00:00+00:00,2012-12-03 10:00:00+00:00,HB_NORTH,26.64
2012-12-03 10:00:00+00:00,2012-12-03 11:00:00+00:00,HB_NORTH,29.0
2012-12-03 11:00:00+00:00,2012-12-03 12:00:00+00:00,HB_NORTH,29.78
2012-12-03 12:00:00+00:00,2012-12-03 13:00:00+00:00,HB_NORTH,30.0
2012-12-03 13:00:00+00:00,2012-12-03 14:00:00+00:00,HB_NORTH,31.93
2012-12-03 14:00:00+00:00,2012-12-03 15:00:00+00:00,HB_NORTH,32.84
2012-12-03 15:00:00+00:00,2012-12-03 16:00:00+00:00,HB_NORTH,33.1
2012-12-03 16:00:00+00:00,2012-12-03 17:00:00+00:00,HB_NORTH,34.51
2012-12-03 17:00:00+00:00,2012-12-03 18:00:00+00:00,HB_NORTH,47.04
2012-12-03 18:00:00+00:00,2012-12-03 19:00:00+00:00,HB_NORTH,41.59
2012-12-03 19:00:00+00:00,2012-12-03 20:00:00+00:00,HB_NORTH,33.1
2012-12-03 20:00:00+00:00,2012-12-03 21:00:00+00:00,HB_NORTH,30.86
2012-12-03 21:00:00+00:00,2012-12-03 22:00:00+00:00,HB_NORTH,27.45
2012-12-03 22:00:00+00:00,2012-12-03 23:00:00+00:00,HB_NORTH,26.15
2012-12-03 23:00:00+00:00,2012-12-04 00:00:00+00:00,HB_NORTH,24.66
2012-12-04 00:00:00+00:00,2012-12-04 01:00:00+00:00,HB_NORTH,22.08
2012-12-04 01:00:00+00:00,2012-12-04 02:00:00+00:00,HB_NORTH,20.94
2012-12-04 02:00:00+00:00,2012-12-04 03:00:00+00:00,HB_NORTH,20.2
2012-12-04 03:00:00+00:00,2012-12-04 04:00:00+00:00,HB_NORTH,20.2
2012-12-04 04:00:00+00:00,2012-12-04 05:00:00+00:00,HB_NORTH,20.75
2012-12-04 05:00:00+00:00,2012-12-04 06:00:00+00:00,HB_NORTH,22.08
2012-12-04 06:00:00+00:00,2012-12-04 07:00:00+00:00,HB_NORTH,31.47
2012-12-04 07:00:00+00:00,2012-12-04 08:00:00+00:00,HB_NORTH,30.33
2012-12-04 08:00:00+00:00,2012-12-04 09:00:00+00:00,HB_NORTH,28.88
2012-12-04 09:00:00+00:00,2012-12-04 10:00:00+00:00,HB_NORTH,30.44
2012-12-04 10:00:00+00:00,2012-12-04 11:00:00+00:00,HB_NORTH,29.47
2012-12-04 11:00:00+00:00,2012-12-04 12:00:00+00:00,HB_NORTH,29.35
2012-12-04 12:00:00+00:00,2012-12-04 13:00:00+00:00,HB_NORTH,28.58
2012-12-04 13:00:00+00:00,2012-12-04 14:00:00+00:00,HB_NORTH,28.31
2012-12-04 14:00:00+00:00,2012-12-04 15:00:00+00:00,HB_NORTH,29.19
2012-12-04 15:00:00+00:00,2012-12-04 16:00:00+00:00,HB_NORTH,29.45
2012-12-04 16:00:00+00:00,2012-12-04 17:00:00+00:00,HB_NORTH,29.0
2012-12-04 17:00:00+00:00,2012-12-04 18:00:00+00:00,HB_NORTH,40.8
2012-12-04 18:00:00+00:00,2012-12-04 19:00:00+00:00,HB_NORTH,42.01
2012-12-04 19:00:00+00:00,2012-12-04 20:00:00+00:00,HB_NORTH,33.2
2012-12-04 20:00:00+00:00,2012-12-04 21:00:00+00:00,HB_NORTH,28.0
2012-12-04 21:00:00+00:00,2012-12-04 22:00:00+00:00,HB_NORTH,27.46
2012-12-04 22:00:00+00:00,2012-12-04 23:00:00+00:00,HB_NORTH,26.24
2012-12-04 23:00:00+00:00,2012-12-05 00:00:00+00:00,HB_NORTH,25.2
2012-12-05 00:00:00+00:00,2012-12-05 01:00:00+00:00,HB_NORTH,24.86
2012-12-05 01:00:00+00:00,2012-12-05 02:00:00+00:00,HB_NORTH,23.01
2012-12-05 02:00:00+00:00,2012-12-05 03:00:00+00:00,HB_NORTH,21.62
2012-12-05 03:00:00+00:00,2012-12-05 04:00:00+00:00,HB_NORTH,22.9
2012-12-05 04:00:00+00:00,2012-12-05 05:00:00+00:00,HB_NORTH,24.94
2012-12-05 05:00:00+00:00,2012-12-05 06:00:00+00:00,HB_NORTH,30.24
2012-12-05 06:00:00+00:00,2012-12-05 07:00:00+00:00,HB_NORTH,35.68
2012-12-05 07:00:00+00:00,2012-12-05 08:00:00+00:00,HB_NORTH,31.34
2012-12-05 08:00:00+00:00,2012-12-05 09:00:00+00:00,HB_NORTH,28.32
2012-12-05 09:00:00+00:00,2012-12-05 10:00:00+00:00,HB_NORTH,28.66
2012-12-05 10:00:00+00:00,2012-12-05 11:00:00+00:00,HB_NORTH,28.9
2012-12-05 11:00:00+00:00,2012-12-05 12:00:00+00:00,HB_NORTH,29.35
2012-12-05 12:00:00+00:00,2012-12-05 13:00:00+00:00,HB_NORTH,27.0
2012-12-05 13:00:00+00:00,2012-12-05 14:00:00+00:00,HB_NORTH,27.65
2012-12-05 14:00:00+00:00,2012-12-05 15:00:00+00:00,HB_NORTH,28.12
2012-12-05 15:00:00+00:00,2012-12-05 16:00:00+00:00,HB_NORTH,28.17
2012-12-05 16:00:00+00:00,2012-12-05 17:00:00+00:00,HB_NORTH,26.27
2012-12-05 17:00:00+00:00,2012-12-05 18:00:00+00:00,HB_NORTH,35.0
2012-12-05 18:00:00+00:00,2012-12-05 19:00:00+00:00,HB_NORTH,40.36
2012-12-05 19:00:00+00:00,2012-12-05 20:00:00+00:00,HB_NORTH,30.93
2012-12-05 20:00:00+00:00,2012-12-05 21:00:00+00:00,HB_NORTH,26.98
2012-12-05 21:00:00+00:00,2012-12-05 22:00:00+00:00,HB_NORTH,25.38
2012-12-05 22:00:00+00:00,2012-12-05 23:00:00+00:00,HB_NORTH,25.09
2012-12-05 23:00:00+00:00,2012-12-06 00:00:00+00:00,HB_NORTH,24.23
2012-12-06 00:00:00+00:00,2012-12-06 01:00:00+00:00,HB_NORTH,21.0
2012-12-06 01:00:00+00:00,2012-12-06 02:00:00+00:00,HB_NORTH,19.82
2012-12-06 02:00:00+00:00,2012-12-06 03:00:00+00:00,HB_NORTH,19.04
2012-12-06 03:00:00+00:00,2012-12-06 04:00:00+00:00,HB_NORTH,19.35
2012-12-06 04:00:00+00:00,2012-12-06 05:00:00+00:00,HB_NORTH,20.01
2012-12-06 05:00:00+00:00,2012-12-06 06:00:00+00:00,HB_NORTH,24.35
2012-12-06 06:00:00+00:00,2012-12-06 07:00:00+00:00,HB_NORTH,34.24
2012-12-06 07:00:00+00:00,2012-12-06 08:00:00+00:00,HB_NORTH,30.57
2012-12-06 08:00:00+00:00,2012-12-06 09:00:00+00:00,HB_NORTH,24.72
2012-12-06 09:00:00+00:00,2012-12-06 10:00:00+00:00,HB_NORTH,25.47
2012-12-06 10:00:00+00:00,2012-12-06 11:00:00+00:00,HB_NORTH,25.42
2012-12-06 11:00:00+00:00,2012-12-06 12:00:00+00:00,HB_NORTH,26.43
2012-12-06 12:00:00+00:00,2012-12-06 13:00:00+00:00,HB_NORTH,26.31
2012-12-06 13:00:00+00:00,2012-12-06 14:00:00+00:00,HB_NORTH,26.57
2012-12-06 14:00:00+00:00,2012-12-06 15:00:00+00:00,HB_NORTH,27.0
2012-12-06 15:00:00+00:00,2012-12-06 16:00:00+00:00,HB_NORTH,27.86
2012-12-06 16:00:00+00:00,2012-12-06 17:00:00+00:00,HB_NORTH,25.67
2012-12-06 17:00:00+00:00,2012-12-06 18:00:00+00:00,HB_NORTH,34.78
2012-12-06 18:00:00+00:00,2012-12-06 19:00:00+00:00,HB_NORTH,38.99
2012-12-06 19:00:00+00:00,2012-12-06 20:00:00+00:00,HB_NORTH,29.84
2012-12-06 20:00:00+00:00,2012-12-06 21:00:00+00:00,HB_NORTH,26.91
2012-12-06 21:00:00+00:00,2012-12-06 22:00:00+00:00,HB_NORTH,26.45
2012-12-06 22:00:00+00:00,2012-12-06 23:00:00+00:00,HB_NORTH,25.26
2012-12-06 23:00:00+00:00,2012-12-07 00:00:00+00:00,HB_NORTH,22.82
2012-12-07 00:00:00+00:00,2012-12-07 01:00:00+00:00,HB_NORTH,22.51
2012-12-07 01:00:00+00:00,2012-12-07 02:00:00+00:00,HB_NORTH,21.14
2012-12-07 02:00:00+00:00,2012-12-07 03:00:00+00:00,HB_NORTH,20.84
2012-12-07 03:00:00+00:00,2012-12-07 04:00:00+00:00,HB_NORTH,20.99
2012-12-07 04:00:00+00:00,2012-12-07 05:00:00+00:00,HB_NORTH,21.59
2012-12-07 05:00:00+00:00,2012-12-07 06:00:00+00:00,HB_NORTH,25.0
2012-12-07 06:00:00+00:00,2012-12-07 07:00:00+00:00,HB_NORTH,30.39
2012-12-07 07:00:00+00:00,2012-12-07 08:00:00+00:00,HB_NORTH,29.58
2012-12-07 08:00:00+00:00,2012-12-07 09:00:00+00:00,HB_NORTH,26.21
2012-12-07 09:00:00+00:00,2012-12-07 10:00:00+00:00,HB_NORTH,27.06
2012-12-07 10:00:00+00:00,2012-12-07 11:00:00+00:00,HB_NORTH,28.25
2012-12-07 11:00:00+00:00,2012-12-07 12:00:00+00:00,HB_NORTH,29.0
2012-12-07 12:00:00+00:00,2012-12-07 13:00:00+00:00,HB_NORTH,28.21
2012-12-07 13:00:00+00:00,2012-12-07 14:00:00+00:00,HB_NORTH,27.37
2012-12-07 14:00:00+00:00,2012-12-07 15:00:00+00:00,HB_NORTH,28.03
2012-12-07 15:00:00+00:00,2012-12-07 16:00:00+00:00,HB_NORTH,28.55
2012-12-07 16:00:00+00:00,2012-12-07 17:00:00+00:00,HB_NORTH,27.81
2012-12-07 17:00:00+00:00,2012-12-07 18:00:00+00:00,HB_NORTH,39.53
2012-12-07 18:00:00+00:00,2012-12-07 19:00:00+00:00,HB_NORTH,42.08
2012-12-07 19:00:00+00:00,2012-12-07 20:00:00+00:00,HB_NORTH,30.0
2012-12-07 20:00:00+00:00,2012-12-07 21:00:00+00:00,HB_NORTH,27.2
2012-12-07 21:00:00+00:00,2012-12-07 22:00:00+00:00,HB_NORTH,27.1
2012-12-07 22:00:00+00:00,2012-12-07 23:00:00+00:00,HB_NORTH,26.14
2012-12-07 23:00:00+00:00,2012-12-08 00:00:00+00:00,HB_NORTH,25.05
2012-12-08 00:00:00+00:00,2012-12-08 01:00:00+00:00,HB_NORTH,22.2
2012-12-08 01:00:00+00:00,2012-12-08 02:00:00+00:00,HB_NORTH,20.82
2012-12-08 02:00:00+00:00,2012-12-08 03:00:00+00:00,HB_NORTH,20.07
2012-12-08 03:00:00+00:00,2012-12-08 04:00:00+00:00,HB_NORTH,20.0
2012-12-08 04:00:00+00:00,2012-12-08 05:00:00+00:00,HB_NORTH,20.11
2012-12-08 05:00:00+00:00,2012-12-08 06:00:00+00:00,HB_NORTH,20.48
2012-12-08 06:00:00+00:00,2012-12-08 07:00:00+00:00,HB_NORTH,21.58
2012-12-08 07:00:00+00:00,2012-12-08 08:00:00+00:00,HB_NORTH,22.58
2012-12-08 08:00:00+00:00,2012-12-08 09:00:00+00:00,HB_NORTH,24.42
2012-12-08 09:00:00+00:00,2012-12-08 10:00:00+00:00,HB_NORTH,25.8
2012-12-08 10:00:00+00:00,2012-12-08 11:00:00+00:00,HB_NORTH,26.63
2012-12-08 11:00:00+00:00,2012-12-08 12:00:00+00:00,HB_NORTH,26.59
2012-12-08 12:00:00+00:00,2012-12-08 13:00:00+00:00,HB_NORTH,26.11
2012-12-08 13:00:00+00:00,2012-12-08 14:00:00+00:00,HB_NORTH,26.17
2012-12-08 14:00:00+00:00,2012-12-08 15:00:00+00:00,HB_NORTH,26.13
2012-12-08 15:00:00+00:00,2012-12-08 16:00:00+00:00,HB_NORTH,26.28
2012-12-08 16:00:00+00:00,2012-12-08 17:00:00+00:00,HB_NORTH,26.0
2012-12-08 17:00:00+00:00,2012-12-08 18:00:00+00:00,HB_NORTH,35.08
2012-12-08 18:00:00+00:00,2012-12-08 19:00:00+00:00,HB_NORTH,33.65
2012-12-08 19:00:00+00:00,2012-12-08 20:00:00+00:00,HB_NORTH,27.07
2012-12-08 20:00:00+00:00,2012-12-08 21:00:00+00:00,HB_NORTH,25.45
2012-12-08 21:00:00+00:00,2012-12-08 22:00:00+00:00,HB_NORTH,25.42
2012-12-08 22:00:00+00:00,2012-12-08 23:00:00+00:00,HB_NORTH,24.48
2012-12-08 23:00:00+00:00,2012-12-09 00:00:00+00:00,HB_NORTH,21.54
2012-12-09 00:00:00+00:00,2012-12-09 01:00:00+00:00,HB_NORTH,19.0
2012-12-09 01:00:00+00:00,2012-12-09 02:00:00+00:00,HB_NORTH,16.5
2012-12-09 02:00:00+00:00,2012-12-09 03:00:00+00:00,HB_NORTH,16.13
2012-12-09 03:00:00+00:00,2012-12-09 04:00:00+00:00,HB_NORTH,15.4
2012-12-09 04:00:00+00:00,2012-12-09 05:00:00+00:00,HB_NORTH,15.1
2012-12-09 05:00:00+00:00,2012-12-09 06:00:00+00:00,HB_NORTH,17.66
2012-12-09 06:00:00+00:00,2012-12-09 07:00:00+00:00,HB_NORTH,18.39
2012-12-09 07:00:00+00:00,2012-12-09 08:00:00+00:00,HB_NORTH,20.11
2012-12-09 08:00:00+00:00,2012-12-09 09:00:00+00:00,HB_NORTH,24.01
2012-12-09 09:00:00+00:00,2012-12-09 10:00:00+00:00,HB_NORTH,25.24
2012-12-09 10:00:00+00:00,2012-12-09 11:00:00+00:00,HB_NORTH,25.18
2012-12-09 11:00:00+00:00,2012-12-09 12:00:00+00:00,HB_NORTH,25.73
2012-12-09 12:00:00+00:00,2012-12-09 13:00:00+00:00,HB_NORTH,25.84
2012-12-09 13:00:00+00:00,2012-12-09 14:00:00+00:00,HB_NORTH,23.68
2012-12-09 14:00:00+00:00,2012-12-09 15:00:00+00:00,HB_NORTH,24.54
2012-12-09 15:00:00+00:00,2012-12-09 16:00:00+00:00,HB_NORTH,23.44
2012-12-09 16:00:00+00:00,2012-12-09 17:00:00+00:00,HB_NORTH,23.3
2012-12-09 17:00:00+00:00,2012-12-09 18:00:00+00:00,HB_NORTH,33.8
2012-12-09 18:00:00+00:00,2012-12-09 19:00:00+00:00,HB_NORTH,35.26
2012-12-09 19:00:00+00:00,2012-12-09 20:00:00+00:00,HB_NORTH,27.64
2012-12-09 20:00:00+00:00,2012-12-09 21:00:00+00:00,HB_NORTH,25.9
2012-12-09 21:00:00+00:00,2012-12-09 22:00:00+00:00,HB_NORTH,25.21
2012-12-09 22:00:00+00:00,2012-12-09 23:00:00+00:00,HB_NORTH,24.44
2012-12-09 23:00:00+00:00,2012-12-10 00:00:00+00:00,HB_NORTH,20.41
2012-12-10 00:00:00+00:00,2012-12-10 01:00:00+00:00,HB_NORTH,15.0
2012-12-10 01:00:00+00:00,2012-12-10 02:00:00+00:00,HB_NORTH,12.39
2012-12-10 02:00:00+00:00,2012-12-10 03:00:00+00:00,HB_NORTH,12.24
2012-12-10 03:00:00+00:00,2012-12-10 04:00:00+00:00,HB_NORTH,14.26
2012-12-10 04:00:00+00:00,2012-12-10 05:00:00+00:00,HB_NORTH,19.48
2012-12-10 05:00:00+00:00,2012-12-10 06:00:00+00:00,HB_NORTH,25.71
2012-12-10 06:00:00+00:00,2012-12-10 07:00:00+00:00,HB_NORTH,32.92
2012-12-10 07:00:00+00:00,2012-12-10 08:00:00+00:00,HB_NORTH,36.11
2012-12-10 08:00:00+00:00,2012-12-10 09:00:00+00:00,HB_NORTH,29.31
2012-12-10 09:00:00+00:00,2012-12-10 10:00:00+00:00,HB_NORTH,28.07
2012-12-10 10:00:00+00:00,2012-12-10 11:00:00+00:00,HB_NORTH,27.75
2012-12-10 11:00:00+00:00,2012-12-10 12:00:00+00:00,HB_NORTH,26.58
2012-12-10 12:00:00+00:00,2012-12-10 13:00:00+00:00,HB_NORTH,26.33
2012-12-10 13:00:00+00:00,2012-12-10 14:00:00+00:00,HB_NORTH,25.61
2012-12-10 14:00:00+00:00,2012-12-10 15:00:00+00:00,HB_NORTH,24.4
2012-12-10 15:00:00+00:00,2012-12-10 16:00:00+00:00,HB_NORTH,23.71
2012-12-10 16:00:00+00:00,2012-12-10 17:00:00+00:00,HB_NORTH,25.76
2012-12-10 17:00:00+00:00,2012-12-10 18:00:00+00:00,HB_NORTH,43.79
2012-12-10 18:00:00+00:00,2012-12-10 19:00:00+00:00,HB_NORTH,51.0
2012-12-10 19:00:00+00:00,2012-12-10 20:00:00+00:00,HB_NORTH,40.41
2012-12-10 20:00:00+00:00,2012-12-10 21:00:00+00:00,HB_NORTH,35.59
2012-12-10 21:00:00+00:00,2012-12-10 22:00:00+00:00,HB_NORTH,32.42
2012-12-10 22:00:00+00:00,2012-12-10 23:00:00+00:00,HB_NORTH,28.0
2012-12-10 23:00:00+00:00,2012-12-11 00:00:00+00:00,HB_NORTH,26.63
2012-12-11 00:00:00+00:00,2012-12-11 01:00:00+00:00,HB_NORTH,22.54
2012-12-11 01:00:00+00:00,2012-12-11 02:00:00+00:00,HB_NORTH,21.61
2012-12-11 02:00:00+00:00,2012-12-11 03:00:00+00:00,HB_NORTH,21.68
2012-12-11 03:00:00+00:00,2012-12-11 04:00:00+00:00,HB_NORTH,22.02
2012-12-11 04:00:00+00:00,2012-12-11 05:00:00+00:00,HB_NORTH,23.66
2012-12-11 05:00:00+00:00,2012-12-11 06:00:00+00:00,HB_NORTH,28.72
2012-12-11 06:00:00+00:00,2012-12-11 07:00:00+00:00,HB_NORTH,50.0
2012-12-11 07:00:00+00:00,2012-12-11 08:00:00+00:00,HB_NORTH,47.44
2012-12-11 08:00:00+00:00,2012-12-11 09:00:00+00:00,HB_NORTH,37.15
2012-12-11 09:00:00+00:00,2012-12-11 10:00:00+00:00,HB_NORTH,30.62
2012-12-11 10:00:00+00:00,2012-12-11 11:00:00+00:00,HB_NORTH,29.71
2012-12-11 11:00:00+00:00,2012-12-11 12:00:00+00:00,HB_NORTH,26.79
2012-12-11 12:00:00+00:00,2012-12-11 13:00:00+00:00,HB_NORTH,25.35
2012-12-11 13:00:00+00:00,2012-12-11 14:00:00+00:00,HB_NORTH,24.32
2012-12-11 14:00:00+00:00,2012-12-11 15:00:00+00:00,HB_NORTH,23.09
2012-12-11 15:00:00+00:00,2012-12-11 16:00:00+00:00,HB_NORTH,22.83
2012-12-11 16:00:00+00:00,2012-12-11 17:00:00+00:00,HB_NORTH,22.99
2012-12-11 17:00:00+00:00,2012-12-11 18:00:00+00:00,HB_NORTH,32.49
2012-12-11 18:00:00+00:00,2012-12-11 19:00:00+00:00,HB_NORTH,40.68
2012-12-11 19:00:00+00:00,2012-12-11 20:00:00+00:00,HB_NORTH,34.21
2012-12-11 20:00:00+00:00,2012-12-11 21:00:00+00:00,HB_NORTH,32.23
2012-12-11 21:00:00+00:00,2012-12-11 22:00:00+00:00,HB_NORTH,28.87
2012-12-11 22:00:00+00:00,2012-12-11 23:00:00+00:00,HB_NORTH,27.82
2012-12-11 23:00:00+00:00,2012-12-12 00:00:00+00:00,HB_NORTH,26.54
2012-12-12 00:00:00+00:00,2012-12-12 01:00:00+00:00,HB_NORTH,22.09
2012-12-12 01:00:00+00:00,2012-12-12 02:00:00+00:00,HB_NORTH,21.51
2012-12-12 02:00:00+00:00,2012-12-12 03:00:00+00:00,HB_NORTH,21.51
2012-12-12 03:00:00+00:00,2012-12-12 04:00:00+00:00,HB_NORTH,22.15
2012-12-12 04:00:00+00:00,2012-12-12 05:00:00+00:00,HB_NORTH,23.3
2012-12-12 05:00:00+00:00,2012-12-12 06:00:00+00:00,HB_NORTH,31.43
2012-12-12 06:00:00+00:00,2012-12-12 07:00:00+00:00,HB_NORTH,50.0
2012-12-12 07:00:00+00:00,2012-12-12 08:00:00+00:00,HB_NORTH,42.0
2012-12-12 08:00:00+00:00,2012-12-12 09:00:00+00:00,HB_NORTH,32.0
2012-12-12 09:00:00+00:00,2012-12-12 10:00:00+00:00,HB_NORTH,26.8
2012-12-12 10:00:00+00:00,2012-12-12 11:00:00+00:00,HB_NORTH,26.57
2012-12-12 11:00:00+00:00,2012-12-12 12:00:00+00:00,HB_NORTH,26.49
2012-12-12 12:00:00+00:00,2012-12-12 13:00:00+00:00,HB_NORTH,25.01
2012-12-12 13:00:00+00:00,2012-12-12 14:00:00+00:00,HB_NORTH,23.51
2012-12-12 14:00:00+00:00,2012-12-12 15:00:00+00:00,HB_NORTH,22.16
2012-12-12 15:00:00+00:00,2012-12-12 16:00:00+00:00,HB_NORTH,21.0
2012-12-12 16:00:00+00:00,2012-12-12 17:00:00+00:00,HB_NORTH,21.81
2012-12-12 17:00:00+00:00,2012-12-12 18:00:00+00:00,HB_NORTH,29.0
2012-12-12 18:00:00+00:00,2012-12-12 19:00:00+00:00,HB_NORTH,33.43
2012-12-12 19:00:00+00:00,2012-12-12 20:00:00+00:00,HB_NORTH,29.53
2012-12-12 20:00:00+00:00,2012-12-12 21:00:00+00:00,HB_NORTH,28.09
2012-12-12 21:00:00+00:00,2012-12-12 22:00:00+00:00,HB_NORTH,26.33
2012-12-12 22:00:00+00:00,2012-12-12 23:00:00+00:00,HB_NORTH,26.15
2012-12-12 23:00:00+00:00,2012-12-13 00:00:00+00:00,HB_NORTH,25.58
2012-12-13 00:00:00+00:00,2012-12-13 01:00:00+00:00,HB_NORTH,21.36
2012-12-13 01:00:00+00:00,2012-12-13 02:00:00+00:00,HB_NORTH,18.55
2012-12-13 02:00:00+00:00,2012-12-13 03:00:00+00:00,HB_NORTH,18.45
2012-12-13 03:00:00+00:00,2012-12-13 04:00:00+00:00,HB_NORTH,19.3
2012-12-13 04:00:00+00:00,2012-12-13 05:00:00+00:00,HB_NORTH,22.35
2012-12-13 05:00:00+00:00,2012-12-13 06:00:00+00:00,HB_NORTH,26.59
2012-12-13 06:00:00+00:00,2012-12-13 07:00:00+00:00,HB_NORTH,46.51
2012-12-13 07:00:00+00:00,2012-12-13 08:00:00+00:00,HB_NORTH,41.19
2012-12-13 08:00:00+00:00,2012-12-13 09:00:00+00:00,HB_NORTH,30.04
2012-12-13 09:00:00+00:00,2012-12-13 10:00:00+00:00,HB_NORTH,26.07
2012-12-13 10:00:00+00:00,2012-12-13 11:00:00+00:00,HB_NORTH,24.77
2012-12-13 11:00:00+00:00,2012-12-13 12:00:00+00:00,HB_NORTH,24.03
2012-12-13 12:00:00+00:00,2012-12-13 13:00:00+00:00,HB_NORTH,22.22
2012-12-13 13:00:00+00:00,2012-12-13 14:00:00+00:00,HB_NORTH,21.27
2012-12-13 14:00:00+00:00,2012-12-13 15:00:00+00:00,HB_NORTH,21.09
2012-12-13 15:00:00+00:00,2012-12-13 16:00:00+00:00,HB_NORTH,20.96
2012-12-13 16:00:00+00:00,2012-12-13 17:00:00+00:00,HB_NORTH,20.35
2012-12-13 17:00:00+00:00,2012-12-13 18:00:00+00:00,HB_NORTH,27.71
2012-12-13 18:00:00+00:00,2012-12-13 19:00:00+00:00,HB_NORTH,31.49
2012-12-13 19:00:00+00:00,2012-12-13 20:00:00+00:00,HB_NORTH,26.11
2012-12-13 20:00:00+00:00,2012-12-13 21:00:00+00:00,HB_NORTH,26.17
2012-12-13 21:00:00+00:00,2012-12-13 22:00:00+00:00,HB_NORTH,25.89
2012-12-13 22:00:00+00:00,2012-12-13 23:00:00+00:00,HB_NORTH,22.16
2012-12-13 23:00:00+00:00,2012-12-14 00:00:00+00:00,HB_NORTH,21.29
2012-12-14 00:00:00+00:00,2012-12-14 01:00:00+00:00,HB_NORTH,16.31
2012-12-14 01:00:00+00:00,2012-12-14 02:00:00+00:00,HB_NORTH,16.15
2012-12-14 02:00:00+00:00,2012-12-14 03:00:00+00:00,HB_NORTH,15.33
2012-12-14 03:00:00+00:00,2012-12-14 04:00:00+00:00,HB_NORTH,15.6
2012-12-14 04:00:00+00:00,2012-12-14 05:00:00+00:00,HB_NORTH,16.37
2012-12-14 05:00:00+00:00,2012-12-14 06:00:00+00:00,HB_NORTH,21.87
2012-12-14 06:00:00+00:00,2012-12-14 07:00:00+00:00,HB_NORTH,30.92
2012-12-14 07:00:00+00:00,2012-12-14 08:00:00+00:00,HB_NORTH,29.0
2012-12-14 08:00:00+00:00,2012-12-14 09:00:00+00:00,HB_NORTH,26.87
2012-12-14 09:00:00+00:00,2012-12-14 10:00:00+00:00,HB_NORTH,27.75
2012-12-14 10:00:00+00:00,2012-12-14 11:00:00+00:00,HB_NORTH,27.75
2012-12-14 11:00:00+00:00,2012-12-14 12:00:00+00:00,HB_NORTH,26.14
2012-12-14 12:00:00+00:00,2012-12-14 13:00:00+00:00,HB_NORTH,25.24
2012-12-14 13:00:00+00:00,2012-12-14 14:00:00+00:00,HB_NORTH,23.03
2012-12-14 14:00:00+00:00,2012-12-14 15:00:00+00:00,HB_NORTH,22.49
2012-12-14 15:00:00+00:00,2012-12-14 16:00:00+00:00,HB_NORTH,21.05
2012-12-14 16:00:00+00:00,2012-12-14 17:00:00+00:00,HB_NORTH,22.23
2012-12-14 17:00:00+00:00,2012-12-14 18:00:00+00:00,HB_NORTH,29.76
2012-12-14 18:00:00+00:00,2012-12-14 19:00:00+00:00,HB_NORTH,31.08
2012-12-14 19:00:00+00:00,2012-12-14 20:00:00+00:00,HB_NORTH,27.5
2012-12-14 20:00:00+00:00,2012-12-14 21:00:00+00:00,HB_NORTH,26.05
2012-12-14 21:00:00+00:00,2012-12-14 22:00:00+00:00,HB_NORTH,25.5
2012-12-14 22:00:00+00:00,2012-12-14 23:00:00+00:00,HB_NORTH,22.56
2012-12-14 23:00:00+00:00,2012-12-15 00:00:00+00:00,HB_NORTH,18.24
2012-12-15 00:00:00+00:00,2012-12-15 01:00:00+00:00,HB_NORTH,16.37
2012-12-15 01:00:00+00:00,2012-12-15 02:00:00+00:00,HB_NORTH,13.96
2012-12-15 02:00:00+00:00,2012-12-15 03:00:00+00:00,HB_NORTH,13.67
2012-12-15 03:00:00+00:00,2012-12-15 04:00:00+00:00,HB_NORTH,13.6
2012-12-15 04:00:00+00:00,2012-12-15 05:00:00+00:00,HB_NORTH,16.02
2012-12-15 05:00:00+00:00,2012-12-15 06:00:00+00:00,HB_NORTH,16.14
2012-12-15 06:00:00+00:00,2012-12-15 07:00:00+00:00,HB_NORTH,18.62
2012-12-15 07:00:00+00:00,2012-12-15 08:00:00+00:00,HB_NORTH,19.95
2012-12-15 08:00:00+00:00,2012-12-15 09:00:00+00:00,HB_NORTH,21.94
2012-12-15 09:00:00+00:00,2012-12-15 10:00:00+00:00,HB_NORTH,23.46
2012-12-15 10:00:00+00:00,2012-12-15 11:00:00+00:00,HB_NORTH,24.08
2012-12-15 11:00:00+00:00,2012-12-15 12:00:00+00:00,HB_NORTH,23.25
2012-12-15 12:00:00+00:00,2012-12-15 13:00:00+00:00,HB_NORTH,21.78
2012-12-15 13:00:00+00:00,2012-12-15 14:00:00+00:00,HB_NORTH,21.26
2012-12-15 14:00:00+00:00,2012-12-15 15:00:00+00:00,HB_NORTH,20.71
2012-12-15 15:00:00+00:00,2012-12-15 16:00:00+00:00,HB_NORTH,20.49
2012-12-15 16:00:00+00:00,2012-12-15 17:00:00+00:00,HB_NORTH,20.7
2012-12-15 17:00:00+00:00,2012-12-15 18:00:00+00:00,HB_NORTH,31.35
2012-12-15 18:00:00+00:00,2012-12-15 19:00:00+00:00,HB_NORTH,32.22
2012-12-15 19:00:00+00:00,2012-12-15 20:00:00+00:00,HB_NORTH,26.49
2012-12-15 20:00:00+00:00,2012-12-15 21:00:00+00:00,HB_NORTH,24.54
2012-12-15 21:00:00+00:00,2012-12-15 22:00:00+00:00,HB_NORTH,22.18
2012-12-15 22:00:00+00:00,2012-12-15 23:00:00+00:00,HB_NORTH,22.25
2012-12-15 23:00:00+00:00,2012-12-16 00:00:00+00:00,HB_NORTH,19.0
2012-12-16 00:00:00+00:00,2012-12-16 01:00:00+00:00,HB_NORTH,18.29
2012-12-16 01:00:00+00:00,2012-12-16 02:00:00+00:00,HB_NORTH,17.07
2012-12-16 02:00:00+00:00,2012-12-16 03:00:00+00:00,HB_NORTH,16.46
2012-12-16 03:00:00+00:00,2012-12-16 04:00:00+00:00,HB_NORTH,16.2
2012-12-16 04:00:00+00:00,2012-12-16 05:00:00+00:00,HB_NORTH,17.17
2012-12-16 05:00:00+00:00,2012-12-16 06:00:00+00:00,HB_NORTH,17.6
2012-12-16 06:00:00+00:00,2012-12-16 07:00:00+00:00,HB_NORTH,19.93
2012-12-16 07:00:00+00:00,2012-12-16 08:00:00+00:00,HB_NORTH,20.44
2012-12-16 08:00:00+00:00,2012-12-16 09:00:00+00:00,HB_NORTH,21.97
2012-12-16 09:00:00+00:00,2012-12-16 10:00:00+00:00,HB_NORTH,24.1
2012-12-16 10:00:00+00:00,2012-12-16 11:00:00+00:00,HB_NORTH,24.24
2012-12-16 11:00:00+00:00,2012-12-16 12:00:00+00:00,HB_NORTH,23.77
2012-12-16 12:00:00+00:00,2012-12-16 13:00:00+00:00,HB_NORTH,23.08
2012-12-16 13:00:00+00:00,2012-12-16 14:00:00+00:00,HB_NORTH,22.79
2012-12-16 14:00:00+00:00,2012-12-16 15:00:00+00:00,HB_NORTH,22.62
2012-12-16 15:00:00+00:00,2012-12-16 16:00:00+00:00,HB_NORTH,22.4
2012-12-16 16:00:00+00:00,2012-12-16 17:00:00+00:00,HB_NORTH,22.97
2012-12-16 17:00:00+00:00,2012-12-16 18:00:00+00:00,HB_NORTH,37.0
2012-12-16 18:00:00+00:00,2012-12-16 19:00:00+00:00,HB_NORTH,38.22
2012-12-16 19:00:00+00:00,2012-12-16 20:00:00+00:00,HB_NORTH,29.76
2012-12-16 20:00:00+00:00,2012-12-16 21:00:00+00:00,HB_NORTH,26.39
2012-12-16 21:00:00+00:00,2012-12-16 22:00:00+00:00,HB_NORTH,24.37
2012-12-16 22:00:00+00:00,2012-12-16 23:00:00+00:00,HB_NORTH,23.76
2012-12-16 23:00:00+00:00,2012-12-17 00:00:00+00:00,HB_NORTH,19.5
2012-12-17 00:00:00+00:00,2012-12-17 01:00:00+00:00,HB_NORTH,17.91
2012-12-17 01:00:00+00:00,2012-12-17 02:00:00+00:00,HB_NORTH,17.19
2012-12-17 02:00:00+00:00,2012-12-17 03:00:00+00:00,HB_NORTH,16.71
2012-12-17 03:00:00+00:00,2012-12-17 04:00:00+00:00,HB_NORTH,16.82
2012-12-17 04:00:00+00:00,2012-12-17 05:00:00+00:00,HB_NORTH,17.84
2012-12-17 05:00:00+00:00,2012-12-17 06:00:00+00:00,HB_NORTH,21.19
2012-12-17 06:00:00+00:00,2012-12-17 07:00:00+00:00,HB_NORTH,28.0
2012-12-17 07:00:00+00:00,2012-12-17 08:00:00+00:00,HB_NORTH,28.94
2012-12-17 08:00:00+00:00,2012-12-17 09:00:00+00:00,HB_NORTH,27.11
2012-12-17 09:00:00+00:00,2012-12-17 10:00:00+00:00,HB_NORTH,26.69
2012-12-17 10:00:00+00:00,2012-12-17 11:00:00+00:00,HB_NORTH,25.88
2012-12-17 11:00:00+00:00,2012-12-17 12:00:00+00:00,HB_NORTH,25.39
2012-12-17 12:00:00+00:00,2012-12-17 13:00:00+00:00,HB_NORTH,24.33
2012-12-17 13:00:00+00:00,2012-12-17 14:00:00+00:00,HB_NORTH,23.65
2012-12-17 14:00:00+00:00,2012-12-17 15:00:00+00:00,HB_NORTH,22.8
2012-12-17 15:00:00+00:00,2012-12-17 16:00:00+00:00,HB_NORTH,21.93
2012-12-17 16:00:00+00:00,2012-12-17 17:00:00+00:00,HB_NORTH,21.96
2012-12-17 17:00:00+00:00,2012-12-17 18:00:00+00:00,HB_NORTH,32.44
2012-12-17 18:00:00+00:00,2012-12-17 19:00:00+00:00,HB_NORTH,36.61
2012-12-17 19:00:00+00:00,2012-12-17 20:00:00+00:00,HB_NORTH,31.08
2012-12-17 20:00:00+00:00,2012-12-17 21:00:00+00:00,HB_NORTH,26.45
2012-12-17 21:00:00+00:00,2012-12-17 22:00:00+00:00,HB_NORTH,25.21
2012-12-17 22:00:00+00:00,2012-12-17 23:00:00+00:00,HB_NORTH,23.1
2012-12-17 23:00:00+00:00,2012-12-18 00:00:00+00:00,HB_NORTH,20.57
2012-12-18 00:00:00+00:00,2012-12-18 01:00:00+00:00,HB_NORTH,18.96
2012-12-18 01:00:00+00:00,2012-12-18 02:00:00+00:00,HB_NORTH,17.83
2012-12-18 02:00:00+00:00,2012-12-18 03:00:00+00:00,HB_NORTH,17.31
2012-12-18 03:00:00+00:00,2012-12-18 04:00:00+00:00,HB_NORTH,17.83
2012-12-18 04:00:00+00:00,2012-12-18 05:00:00+00:00,HB_NORTH,19.36
2012-12-18 05:00:00+00:00,2012-12-18 06:00:00+00:00,HB_NORTH,23.73
2012-12-18 06:00:00+00:00,2012-12-18 07:00:00+00:00,HB_NORTH,29.0
2012-12-18 07:00:00+00:00,2012-12-18 08:00:00+00:00,HB_NORTH,28.92
2012-12-18 08:00:00+00:00,2012-12-18 09:00:00+00:00,HB_NORTH,26.67
2012-12-18 09:00:00+00:00,2012-12-18 10:00:00+00:00,HB_NORTH,27.0
2012-12-18 10:00:00+00:00,2012-12-18 11:00:00+00:00,HB_NORTH,26.68
2012-12-18 11:00:00+00:00,2012-12-18 12:00:00+00:00,HB_NORTH,25.97
2012-12-18 12:00:00+00:00,2012-12-18 13:00:00+00:00,HB_NORTH,24.61
2012-12-18 13:00:00+00:00,2012-12-18 14:00:00+00:00,HB_NORTH,23.62
2012-12-18 14:00:00+00:00,2012-12-18 15:00:00+00:00,HB_NORTH,22.74
2012-12-18 15:00:00+00:00,2012-12-18 16:00:00+00:00,HB_NORTH,22.0
2012-12-18 16:00:00+00:00,2012-12-18 17:00:00+00:00,HB_NORTH,21.86
2012-12-18 17:00:00+00:00,2012-12-18 18:00:00+00:00,HB_NORTH,28.92
2012-12-18 18:00:00+00:00,2012-12-18 19:00:00+00:00,HB_NORTH,29.04
2012-12-18 19:00:00+00:00,2012-12-18 20:00:00+00:00,HB_NORTH,26.03
2012-12-18 20:00:00+00:00,2012-12-18 21:00:00+00:00,HB_NORTH,24.4
2012-12-18 21:00:00+00:00,2012-12-18 22:00:00+00:00,HB_NORTH,22.47
2012-12-18 22:00:00+00:00,2012-12-18 23:00:00+00:00,HB_NORTH,22.21
2012-12-18 23:00:00+00:00,2012-12-19 00:00:00+00:00,HB_NORTH,17.74
2012-12-19 00:00:00+00:00,2012-12-19 01:00:00+00:00,HB_NORTH,14.96
2012-12-19 01:00:00+00:00,2012-12-19 02:00:00+00:00,HB_NORTH,13.93
2012-12-19 02:00:00+00:00,2012-12-19 03:00:00+00:00,HB_NORTH,13.51
2012-12-19 03:00:00+00:00,2012-12-19 04:00:00+00:00,HB_NORTH,12.81
2012-12-19 04:00:00+00:00,2012-12-19 05:00:00+00:00,HB_NORTH,14.06
2012-12-19 05:00:00+00:00,2012-12-19 06:00:00+00:00,HB_NORTH,17.74
2012-12-19 06:00:00+00:00,2012-12-19 07:00:00+00:00,HB_NORTH,24.32
2012-12-19 07:00:00+00:00,2012-12-19 08:00:00+00:00,HB_NORTH,25.59
2012-12-19 08:00:00+00:00,2012-12-19 09:00:00+00:00,HB_NORTH,25.03
2012-12-19 09:00:00+00:00,2012-12-19 10:00:00+00:00,HB_NORTH,24.18
2012-12-19 10:00:00+00:00,2012-12-19 11:00:00+00:00,HB_NORTH,23.95
2012-12-19 11:00:00+00:00,2012-12-19 12:00:00+00:00,HB_NORTH,24.13
2012-12-19 12:00:00+00:00,2012-12-19 13:00:00+00:00,HB_NORTH,22.76
2012-12-19 13:00:00+00:00,2012-12-19 14:00:00+00:00,HB_NORTH,23.66
2012-12-19 14:00:00+00:00,2012-12-19 15:00:00+00:00,HB_NORTH,23.8
2012-12-19 15:00:00+00:00,2012-12-19 16:00:00+00:00,HB_NORTH,23.96
2012-12-19 16:00:00+00:00,2012-12-19 17:00:00+00:00,HB_NORTH,24.25
2012-12-19 17:00:00+00:00,2012-12-19 18:00:00+00:00,HB_NORTH,30.14
2012-12-19 18:00:00+00:00,2012-12-19 19:00:00+00:00,HB_NORTH,33.24
2012-12-19 19:00:00+00:00,2012-12-19 20:00:00+00:00,HB_NORTH,28.19
2012-12-19 20:00:00+00:00,2012-12-19 21:00:00+00:00,HB_NORTH,26.95
2012-12-19 21:00:00+00:00,2012-12-19 22:00:00+00:00,HB_NORTH,23.86
2012-12-19 22:00:00+00:00,2012-12-19 23:00:00+00:00,HB_NORTH,22.71
2012-12-19 23:00:00+00:00,2012-12-20 00:00:00+00:00,HB_NORTH,17.3
2012-12-20 00:00:00+00:00,2012-12-20 01:00:00+00:00,HB_NORTH,16.72
2012-12-20 01:00:00+00:00,2012-12-20 02:00:00+00:00,HB_NORTH,15.86
2012-12-20 02:00:00+00:00,2012-12-20 03:00:00+00:00,HB_NORTH,14.02
2012-12-20 03:00:00+00:00,2012-12-20 04:00:00+00:00,HB_NORTH,14.1
2012-12-20 04:00:00+00:00,2012-12-20 05:00:00+00:00,HB_NORTH,16.05
2012-12-20 05:00:00+00:00,2012-12-20 06:00:00+00:00,HB_NORTH,22.13
2012-12-20 06:00:00+00:00,2012-12-20 07:00:00+00:00,HB_NORTH,29.44
2012-12-20 07:00:00+00:00,2012-12-20 08:00:00+00:00,HB_NORTH,27.73
2012-12-20 08:00:00+00:00,2012-12-20 09:00:00+00:00,HB_NORTH,26.15
2012-12-20 09:00:00+00:00,2012-12-20 10:00:00+00:00,HB_NORTH,25.55
2012-12-20 10:00:00+00:00,2012-12-20 11:00:00+00:00,HB_NORTH,25.57
2012-12-20 11:00:00+00:00,2012-12-20 12:00:00+00:00,HB_NORTH,24.26
2012-12-20 12:00:00+00:00,2012-12-20 13:00:00+00:00,HB_NORTH,23.61
2012-12-20 13:00:00+00:00,2012-12-20 14:00:00+00:00,HB_NORTH,24.46
2012-12-20 14:00:00+00:00,2012-12-20 15:00:00+00:00,HB_NORTH,23.05
2012-12-20 15:00:00+00:00,2012-12-20 16:00:00+00:00,HB_NORTH,22.47
2012-12-20 16:00:00+00:00,2012-12-20 17:00:00+00:00,HB_NORTH,22.35
2012-12-20 17:00:00+00:00,2012-12-20 18:00:00+00:00,HB_NORTH,34.71
2012-12-20 18:00:00+00:00,2012-12-20 19:00:00+00:00,HB_NORTH,40.72
2012-12-20 19:00:00+00:00,2012-12-20 20:00:00+00:00,HB_NORTH,32.76
2012-12-20 20:00:00+00:00,2012-12-20 21:00:00+00:00,HB_NORTH,34.67
2012-12-20 21:00:00+00:00,2012-12-20 22:00:00+00:00,HB_NORTH,30.45
2012-12-20 22:00:00+00:00,2012-12-20 23:00:00+00:00,HB_NORTH,26.37
2012-12-20 23:00:00+00:00,2012-12-21 00:00:00+00:00,HB_NORTH,24.67
2012-12-21 00:00:00+00:00,2012-12-21 01:00:00+00:00,HB_NORTH,21.76
2012-12-21 01:00:00+00:00,2012-12-21 02:00:00+00:00,HB_NORTH,21.02
2012-12-21 02:00:00+00:00,2012-12-21 03:00:00+00:00,HB_NORTH,20.78
2012-12-21 03:00:00+00:00,2012-12-21 04:00:00+00:00,HB_NORTH,21.02
2012-12-21 04:00:00+00:00,2012-12-21 05:00:00+00:00,HB_NORTH,22.04
2012-12-21 05:00:00+00:00,2012-12-21 06:00:00+00:00,HB_NORTH,28.19
2012-12-21 06:00:00+00:00,2012-12-21 07:00:00+00:00,HB_NORTH,46.0
2012-12-21 07:00:00+00:00,2012-12-21 08:00:00+00:00,HB_NORTH,38.82
2012-12-21 08:00:00+00:00,2012-12-21 09:00:00+00:00,HB_NORTH,31.61
2012-12-21 09:00:00+00:00,2012-12-21 10:00:00+00:00,HB_NORTH,27.07
2012-12-21 10:00:00+00:00,2012-12-21 11:00:00+00:00,HB_NORTH,28.1
2012-12-21 11:00:00+00:00,2012-12-21 12:00:00+00:00,HB_NORTH,26.0
2012-12-21 12:00:00+00:00,2012-12-21 13:00:00+00:00,HB_NORTH,24.5
2012-12-21 13:00:00+00:00,2012-12-21 14:00:00+00:00,HB_NORTH,23.1
2012-12-21 14:00:00+00:00,2012-12-21 15:00:00+00:00,HB_NORTH,22.52
2012-12-21 15:00:00+00:00,2012-12-21 16:00:00+00:00,HB_NORTH,22.69
2012-12-21 16:00:00+00:00,2012-12-21 17:00:00+00:00,HB_NORTH,23.02
2012-12-21 17:00:00+00:00,2012-12-21 18:00:00+00:00,HB_NORTH,29.0
2012-12-21 18:00:00+00:00,2012-12-21 19:00:00+00:00,HB_NORTH,30.16
2012-12-21 19:00:00+00:00,2012-12-21 20:00:00+00:00,HB_NORTH,28.0
2012-12-21 20:00:00+00:00,2012-12-21 21:00:00+00:00,HB_NORTH,28.82
2012-12-21 21:00:00+00:00,2012-12-21 22:00:00+00:00,HB_NORTH,27.76
2012-12-21 22:00:00+00:00,2012-12-21 23:00:00+00:00,HB_NORTH,25.95
2012-12-21 23:00:00+00:00,2012-12-22 00:00:00+00:00,HB_NORTH,24.67
2012-12-22 00:00:00+00:00,2012-12-22 01:00:00+00:00,HB_NORTH,23.01
2012-12-22 01:00:00+00:00,2012-12-22 02:00:00+00:00,HB_NORTH,20.6
2012-12-22 02:00:00+00:00,2012-12-22 03:00:00+00:00,HB_NORTH,19.89
2012-12-22 03:00:00+00:00,2012-12-22 04:00:00+00:00,HB_NORTH,20.12
2012-12-22 04:00:00+00:00,2012-12-22 05:00:00+00:00,HB_NORTH,21.44
2012-12-22 05:00:00+00:00,2012-12-22 06:00:00+00:00,HB_NORTH,23.75
2012-12-22 06:00:00+00:00,2012-12-22 07:00:00+00:00,HB_NORTH,31.41
2012-12-22 07:00:00+00:00,2012-12-22 08:00:00+00:00,HB_NORTH,34.01
2012-12-22 08:00:00+00:00,2012-12-22 09:00:00+00:00,HB_NORTH,27.99
2012-12-22 09:00:00+00:00,2012-12-22 10:00:00+00:00,HB_NORTH,28.0
2012-12-22 10:00:00+00:00,2012-12-22 11:00:00+00:00,HB_NORTH,26.88
2012-12-22 11:00:00+00:00,2012-12-22 12:00:00+00:00,HB_NORTH,25.11
2012-12-22 12:00:00+00:00,2012-12-22 13:00:00+00:00,HB_NORTH,22.66
2012-12-22 13:00:00+00:00,2012-12-22 14:00:00+00:00,HB_NORTH,21.82
2012-12-22 14:00:00+00:00,2012-12-22 15:00:00+00:00,HB_NORTH,20.62
2012-12-22 15:00:00+00:00,2012-12-22 16:00:00+00:00,HB_NORTH,20.11
2012-12-22 16:00:00+00:00,2012-12-22 17:00:00+00:00,HB_NORTH,20.44
2012-12-22 17:00:00+00:00,2012-12-22 18:00:00+00:00,HB_NORTH,29.03
2012-12-22 18:00:00+00:00,2012-12-22 19:00:00+00:00,HB_NORTH,30.94
2012-12-22 19:00:00+00:00,2012-12-22 20:00:00+00:00,HB_NORTH,26.2
2012-12-22 20:00:00+00:00,2012-12-22 21:00:00+00:00,HB_NORTH,24.84
2012-12-22 21:00:00+00:00,2012-12-22 22:00:00+00:00,HB_NORTH,24.37
2012-12-22 22:00:00+00:00,2012-12-22 23:00:00+00:00,HB_NORTH,24.37
2012-12-22 23:00:00+00:00,2012-12-23 00:00:00+00:00,HB_NORTH,21.05
2012-12-23 00:00:00+00:00,2012-12-23 01:00:00+00:00,HB_NORTH,19.65
2012-12-23 01:00:00+00:00,2012-12-23 02:00:00+00:00,HB_NORTH,17.13
2012-12-23 02:00:00+00:00,2012-12-23 03:00:00+00:00,HB_NORTH,17.11
2012-12-23 03:00:00+00:00,2012-12-23 04:00:00+00:00,HB_NORTH,16.39
2012-12-23 04:00:00+00:00,2012-12-23 05:00:00+00:00,HB_NORTH,17.82
2012-12-23 05:00:00+00:00,2012-12-23 06:00:00+00:00,HB_NORTH,18.6
2012-12-23 06:00:00+00:00,2012-12-23 07:00:00+00:00,HB_NORTH,22.0
2012-12-23 07:00:00+00:00,2012-12-23 08:00:00+00:00,HB_NORTH,22.97
2012-12-23 08:00:00+00:00,2012-12-23 09:00:00+00:00,HB_NORTH,24.29
2012-12-23 09:00:00+00:00,2012-12-23 10:00:00+00:00,HB_NORTH,27.9
2012-12-23 10:00:00+00:00,2012-12-23 11:00:00+00:00,HB_NORTH,29.32
2012-12-23 11:00:00+00:00,2012-12-23 12:00:00+00:00,HB_NORTH,26.99
2012-12-23 12:00:00+00:00,2012-12-23 13:00:00+00:00,HB_NORTH,25.99
2012-12-23 13:00:00+00:00,2012-12-23 14:00:00+00:00,HB_NORTH,23.18
2012-12-23 14:00:00+00:00,2012-12-23 15:00:00+00:00,HB_NORTH,22.99
2012-12-23 15:00:00+00:00,2012-12-23 16:00:00+00:00,HB_NORTH,21.99
2012-12-23 16:00:00+00:00,2012-12-23 17:00:00+00:00,HB_NORTH,22.5
2012-12-23 17:00:00+00:00,2012-12-23 18:00:00+00:00,HB_NORTH,31.33
2012-12-23 18:00:00+00:00,2012-12-23 19:00:00+00:00,HB_NORTH,33.43
2012-12-23 19:00:00+00:00,2012-12-23 20:00:00+00:00,HB_NORTH,28.59
2012-12-23 20:00:00+00:00,2012-12-23 21:00:00+00:00,HB_NORTH,26.46
2012-12-23 21:00:00+00:00,2012-12-23 22:00:00+00:00,HB_NORTH,26.14
2012-12-23 22:00:00+00:00,2012-12-23 23:00:00+00:00,HB_NORTH,24.89
2012-12-23 23:00:00+00:00,2012-12-24 00:00:00+00:00,HB_NORTH,22.2
2012-12-24 00:00:00+00:00,2012-12-24 01:00:00+00:00,HB_NORTH,22.23
2012-12-24 01:00:00+00:00,2012-12-24 02:00:00+00:00,HB_NORTH,20.07
2012-12-24 02:00:00+00:00,2012-12-24 03:00:00+00:00,HB_NORTH,19.01
2012-12-24 03:00:00+00:00,2012-12-24 04:00:00+00:00,HB_NORTH,19.34
2012-12-24 04:00:00+00:00,2012-12-24 05:00:00+00:00,HB_NORTH,20.7
2012-12-24 05:00:00+00:00,2012-12-24 06:00:00+00:00,HB_NORTH,24.03
2012-12-24 06:00:00+00:00,2012-12-24 07:00:00+00:00,HB_NORTH,27.0
2012-12-24 07:00:00+00:00,2012-12-24 08:00:00+00:00,HB_NORTH,30.0
2012-12-24 08:00:00+00:00,2012-12-24 09:00:00+00:00,HB_NORTH,33.42
2012-12-24 09:00:00+00:00,2012-12-24 10:00:00+00:00,HB_NORTH,37.49
2012-12-24 10:00:00+00:00,2012-12-24 11:00:00+00:00,HB_NORTH,30.66
2012-12-24 11:00:00+00:00,2012-12-24 12:00:00+00:00,HB_NORTH,28.74
2012-12-24 12:00:00+00:00,2012-12-24 13:00:00+00:00,HB_NORTH,26.71
2012-12-24 13:00:00+00:00,2012-12-24 14:00:00+00:00,HB_NORTH,25.54
2012-12-24 14:00:00+00:00,2012-12-24 15:00:00+00:00,HB_NORTH,26.15
2012-12-24 15:00:00+00:00,2012-12-24 16:00:00+00:00,HB_NORTH,25.0
2012-12-24 16:00:00+00:00,2012-12-24 17:00:00+00:00,HB_NORTH,25.06
2012-12-24 17:00:00+00:00,2012-12-24 18:00:00+00:00,HB_NORTH,36.67
2012-12-24 18:00:00+00:00,2012-12-24 19:00:00+00:00,HB_NORTH,38.15
2012-12-24 19:00:00+00:00,2012-12-24 20:00:00+00:00,HB_NORTH,32.86
2012-12-24 20:00:00+00:00,2012-12-24 21:00:00+00:00,HB_NORTH,27.0
2012-12-24 21:00:00+00:00,2012-12-24 22:00:00+00:00,HB_NORTH,25.27
2012-12-24 22:00:00+00:00,2012-12-24 23:00:00+00:00,HB_NORTH,25.0
2012-12-24 23:00:00+00:00,2012-12-25 00:00:00+00:00,HB_NORTH,23.81
2012-12-25 00:00:00+00:00,2012-12-25 01:00:00+00:00,HB_NORTH,20.74
2012-12-25 01:00:00+00:00,2012-12-25 02:00:00+00:00,HB_NORTH,18.71
2012-12-25 02:00:00+00:00,2012-12-25 03:00:00+00:00,HB_NORTH,17.73
2012-12-25 03:00:00+00:00,2012-12-25 04:00:00+00:00,HB_NORTH,17.63
2012-12-25 04:00:00+00:00,2012-12-25 05:00:00+00:00,HB_NORTH,18.72
2012-12-25 05:00:00+00:00,2012-12-25 06:00:00+00:00,HB_NORTH,18.91
2012-12-25 06:00:00+00:00,2012-12-25 07:00:00+00:00,HB_NORTH,21.06
2012-12-25 07:00:00+00:00,2012-12-25 08:00:00+00:00,HB_NORTH,23.79
2012-12-25 08:00:00+00:00,2012-12-25 09:00:00+00:00,HB_NORTH,26.09
2012-12-25 09:00:00+00:00,2012-12-25 10:00:00+00:00,HB_NORTH,27.58
2012-12-25 10:00:00+00:00,2012-12-25 11:00:00+00:00,HB_NORTH,27.52
2012-12-25 11:00:00+00:00,2012-12-25 12:00:00+00:00,HB_NORTH,25.45
2012-12-25 12:00:00+00:00,2012-12-25 13:00:00+00:00,HB_NORTH,24.08
2012-12-25 13:00:00+00:00,2012-12-25 14:00:00+00:00,HB_NORTH,22.48
2012-12-25 14:00:00+00:00,2012-12-25 15:00:00+00:00,HB_NORTH,21.35
2012-12-25 15:00:00+00:00,2012-12-25 16:00:00+00:00,HB_NORTH,20.96
2012-12-25 16:00:00+00:00,2012-12-25 17:00:00+00:00,HB_NORTH,19.33
2012-12-25 17:00:00+00:00,2012-12-25 18:00:00+00:00,HB_NORTH,25.08
2012-12-25 18:00:00+00:00,2012-12-25 19:00:00+00:00,HB_NORTH,35.88
2012-12-25 19:00:00+00:00,2012-12-25 20:00:00+00:00,HB_NORTH,32.6
2012-12-25 20:00:00+00:00,2012-12-25 21:00:00+00:00,HB_NORTH,32.64
2012-12-25 21:00:00+00:00,2012-12-25 22:00:00+00:00,HB_NORTH,30.03
2012-12-25 22:00:00+00:00,2012-12-25 23:00:00+00:00,HB_NORTH,26.22
2012-12-25 23:00:00+00:00,2012-12-26 00:00:00+00:00,HB_NORTH,24.46
2012-12-26 00:00:00+00:00,2012-12-26 01:00:00+00:00,HB_NORTH,22.08
2012-12-26 01:00:00+00:00,2012-12-26 02:00:00+00:00,HB_NORTH,21.0
2012-12-26 02:00:00+00:00,2012-12-26 03:00:00+00:00,HB_NORTH,21.16
2012-12-26 03:00:00+00:00,2012-12-26 04:00:00+00:00,HB_NORTH,22.42
2012-12-26 04:00:00+00:00,2012-12-26 05:00:00+00:00,HB_NORTH,24.46
2012-12-26 05:00:00+00:00,2012-12-26 06:00:00+00:00,HB_NORTH,26.86
2012-12-26 06:00:00+00:00,2012-12-26 07:00:00+00:00,HB_NORTH,43.85
2012-12-26 07:00:00+00:00,2012-12-26 08:00:00+00:00,HB_NORTH,56.92
2012-12-26 08:00:00+00:00,2012-12-26 09:00:00+00:00,HB_NORTH,47.9
2012-12-26 09:00:00+00:00,2012-12-26 10:00:00+00:00,HB_NORTH,45.76
2012-12-26 10:00:00+00:00,2012-12-26 11:00:00+00:00,HB_NORTH,39.18
2012-12-26 11:00:00+00:00,2012-12-26 12:00:00+00:00,HB_NORTH,33.98
2012-12-26 12:00:00+00:00,2012-12-26 13:00:00+00:00,HB_NORTH,27.68
2012-12-26 13:00:00+00:00,2012-12-26 14:00:00+00:00,HB_NORTH,25.7
2012-12-26 14:00:00+00:00,2012-12-26 15:00:00+00:00,HB_NORTH,24.58
2012-12-26 15:00:00+00:00,2012-12-26 16:00:00+00:00,HB_NORTH,24.0
2012-12-26 16:00:00+00:00,2012-12-26 17:00:00+00:00,HB_NORTH,25.0
2012-12-26 17:00:00+00:00,2012-12-26 18:00:00+00:00,HB_NORTH,38.69
2012-12-26 18:00:00+00:00,2012-12-26 19:00:00+00:00,HB_NORTH,45.44
2012-12-26 19:00:00+00:00,2012-12-26 20:00:00+00:00,HB_NORTH,45.24
2012-12-26 20:00:00+00:00,2012-12-26 21:00:00+00:00,HB_NORTH,39.65
2012-12-26 21:00:00+00:00,2012-12-26 22:00:00+00:00,HB_NORTH,32.35
2012-12-26 22:00:00+00:00,2012-12-26 23:00:00+00:00,HB_NORTH,27.62
2012-12-26 23:00:00+00:00,2012-12-27 00:00:00+00:00,HB_NORTH,24.46
2012-12-27 00:00:00+00:00,2012-12-27 01:00:00+00:00,HB_NORTH,22.48
2012-12-27 01:00:00+00:00,2012-12-27 02:00:00+00:00,HB_NORTH,20.89
2012-12-27 02:00:00+00:00,2012-12-27 03:00:00+00:00,HB_NORTH,20.8
2012-12-27 03:00:00+00:00,2012-12-27 04:00:00+00:00,HB_NORTH,21.02
2012-12-27 04:00:00+00:00,2012-12-27 05:00:00+00:00,HB_NORTH,22.84
2012-12-27 05:00:00+00:00,2012-12-27 06:00:00+00:00,HB_NORTH,26.98
2012-12-27 06:00:00+00:00,2012-12-27 07:00:00+00:00,HB_NORTH,38.52
2012-12-27 07:00:00+00:00,2012-12-27 08:00:00+00:00,HB_NORTH,42.19
2012-12-27 08:00:00+00:00,2012-12-27 09:00:00+00:00,HB_NORTH,35.45
2012-12-27 09:00:00+00:00,2012-12-27 10:00:00+00:00,HB_NORTH,31.69
2012-12-27 10:00:00+00:00,2012-12-27 11:00:00+00:00,HB_NORTH,29.03
2012-12-27 11:00:00+00:00,2012-12-27 12:00:00+00:00,HB_NORTH,26.19
2012-12-27 12:00:00+00:00,2012-12-27 13:00:00+00:00,HB_NORTH,24.14
2012-12-27 13:00:00+00:00,2012-12-27 14:00:00+00:00,HB_NORTH,23.0
2012-12-27 14:00:00+00:00,2012-12-27 15:00:00+00:00,HB_NORTH,22.52
2012-12-27 15:00:00+00:00,2012-12-27 16:00:00+00:00,HB_NORTH,22.03
2012-12-27 16:00:00+00:00,2012-12-27 17:00:00+00:00,HB_NORTH,22.64
2012-12-27 17:00:00+00:00,2012-12-27 18:00:00+00:00,HB_NORTH,30.79
2012-12-27 18:00:00+00:00,2012-12-27 19:00:00+00:00,HB_NORTH,32.36
2012-12-27 19:00:00+00:00,2012-12-27 20:00:00+00:00,HB_NORTH,28.38
2012-12-27 20:00:00+00:00,2012-12-27 21:00:00+00:00,HB_NORTH,26.54
2012-12-27 21:00:00+00:00,2012-12-27 22:00:00+00:00,HB_NORTH,25.69
2012-12-27 22:00:00+00:00,2012-12-27 23:00:00+00:00,HB_NORTH,24.76
2012-12-27 23:00:00+00:00,2012-12-28 00:00:00+00:00,HB_NORTH,22.17
2012-12-28 00:00:00+00:00,2012-12-28 01:00:00+00:00,HB_NORTH,21.31
2012-12-28 01:00:00+00:00,2012-12-28 02:00:00+00:00,HB_NORTH,19.36
2012-12-28 02:00:00+00:00,2012-12-28 03:00:00+00:00,HB_NORTH,18.45
2012-12-28 03:00:00+00:00,2012-12-28 04:00:00+00:00,HB_NORTH,18.63
2012-12-28 04:00:00+00:00,2012-12-28 05:00:00+00:00,HB_NORTH,20.27
2012-12-28 05:00:00+00:00,2012-12-28 06:00:00+00:00,HB_NORTH,24.65
2012-12-28 06:00:00+00:00,2012-12-28 07:00:00+00:00,HB_NORTH,31.24
2012-12-28 07:00:00+00:00,2012-12-28 08:00:00+00:00,HB_NORTH,32.26
2012-12-28 08:00:00+00:00,2012-12-28 09:00:00+00:00,HB_NORTH,27.87
2012-12-28 09:00:00+00:00,2012-12-28 10:00:00+00:00,HB_NORTH,26.75
2012-12-28 10:00:00+00:00,2012-12-28 11:00:00+00:00,HB_NORTH,29.53
2012-12-28 11:00:00+00:00,2012-12-28 12:00:00+00:00,HB_NORTH,26.7
2012-12-28 12:00:00+00:00,2012-12-28 13:00:00+00:00,HB_NORTH,23.51
2012-12-28 13:00:00+00:00,2012-12-28 14:00:00+00:00,HB_NORTH,22.88
2012-12-28 14:00:00+00:00,2012-12-28 15:00:00+00:00,HB_NORTH,22.0
2012-12-28 15:00:00+00:00,2012-12-28 16:00:00+00:00,HB_NORTH,21.78
2012-12-28 16:00:00+00:00,2012-12-28 17:00:00+00:00,HB_NORTH,22.24
2012-12-28 17:00:00+00:00,2012-12-28 18:00:00+00:00,HB_NORTH,31.22
2012-12-28 18:00:00+00:00,2012-12-28 19:00:00+00:00,HB_NORTH,34.63
2012-12-28 19:00:00+00:00,2012-12-28 20:00:00+00:00,HB_NORTH,31.3
2012-12-28 20:00:00+00:00,2012-12-28 21:00:00+00:00,HB_NORTH,28.11
2012-12-28 21:00:00+00:00,2012-12-28 22:00:00+00:00,HB_NORTH,27.3
2012-12-28 22:00:00+00:00,2012-12-28 23:00:00+00:00,HB_NORTH,26.66
2012-12-28 23:00:00+00:00,2012-12-29 00:00:00+00:00,HB_NORTH,26.36
2012-12-29 00:00:00+00:00,2012-12-29 01:00:00+00:00,HB_NORTH,26.08
2012-12-29 01:00:00+00:00,2012-12-29 02:00:00+00:00,HB_NORTH,24.41
2012-12-29 02:00:00+00:00,2012-12-29 03:00:00+00:00,HB_NORTH,23.32
2012-12-29 03:00:00+00:00,2012-12-29 04:00:00+00:00,HB_NORTH,23.64
2012-12-29 04:00:00+00:00,2012-12-29 05:00:00+00:00,HB_NORTH,25.29
2012-12-29 05:00:00+00:00,2012-12-29 06:00:00+00:00,HB_NORTH,26.26
2012-12-29 06:00:00+00:00,2012-12-29 07:00:00+00:00,HB_NORTH,30.0
2012-12-29 07:00:00+00:00,2012-12-29 08:00:00+00:00,HB_NORTH,36.78
2012-12-29 08:00:00+00:00,2012-12-29 09:00:00+00:00,HB_NORTH,42.51
2012-12-29 09:00:00+00:00,2012-12-29 10:00:00+00:00,HB_NORTH,36.07
2012-12-29 10:00:00+00:00,2012-12-29 11:00:00+00:00,HB_NORTH,32.89
2012-12-29 11:00:00+00:00,2012-12-29 12:00:00+00:00,HB_NORTH,27.79
2012-12-29 12:00:00+00:00,2012-12-29 13:00:00+00:00,HB_NORTH,24.82
2012-12-29 13:00:00+00:00,2012-12-29 14:00:00+00:00,HB_NORTH,22.95
2012-12-29 14:00:00+00:00,2012-12-29 15:00:00+00:00,HB_NORTH,22.0
2012-12-29 15:00:00+00:00,2012-12-29 16:00:00+00:00,HB_NORTH,21.0
2012-12-29 16:00:00+00:00,2012-12-29 17:00:00+00:00,HB_NORTH,20.29
2012-12-29 17:00:00+00:00,2012-12-29 18:00:00+00:00,HB_NORTH,29.11
2012-12-29 18:00:00+00:00,2012-12-29 19:00:00+00:00,HB_NORTH,32.61
2012-12-29 19:00:00+00:00,2012-12-29 20:00:00+00:00,HB_NORTH,28.97
2012-12-29 20:00:00+00:00,2012-12-29 21:00:00+00:00,HB_NORTH,26.16
2012-12-29 21:00:00+00:00,2012-12-29 22:00:00+00:00,HB_NORTH,25.87
2012-12-29 22:00:00+00:00,2012-12-29 23:00:00+00:00,HB_NORTH,27.94
2012-12-29 23:00:00+00:00,2012-12-30 00:00:00+00:00,HB_NORTH,25.15
2012-12-30 00:00:00+00:00,2012-12-30 01:00:00+00:00,HB_NORTH,24.62
2012-12-30 01:00:00+00:00,2012-12-30 02:00:00+00:00,HB_NORTH,22.69
2012-12-30 02:00:00+00:00,2012-12-30 03:00:00+00:00,HB_NORTH,22.47
2012-12-30 03:00:00+00:00,2012-12-30 04:00:00+00:00,HB_NORTH,22.48
2012-12-30 04:00:00+00:00,2012-12-30 05:00:00+00:00,HB_NORTH,23.67
2012-12-30 05:00:00+00:00,2012-12-30 06:00:00+00:00,HB_NORTH,27.03
2012-12-30 06:00:00+00:00,2012-12-30 07:00:00+00:00,HB_NORTH,26.88
2012-12-30 07:00:00+00:00,2012-12-30 08:00:00+00:00,HB_NORTH,31.58
2012-12-30 08:00:00+00:00,2012-12-30 09:00:00+00:00,HB_NORTH,33.52
2012-12-30 09:00:00+00:00,2012-12-30 10:00:00+00:00,HB_NORTH,30.95
2012-12-30 10:00:00+00:00,2012-12-30 11:00:00+00:00,HB_NORTH,27.58
2012-12-30 11:00:00+00:00,2012-12-30 12:00:00+00:00,HB_NORTH,25.54
2012-12-30 12:00:00+00:00,2012-12-30 13:00:00+00:00,HB_NORTH,23.94
2012-12-30 13:00:00+00:00,2012-12-30 14:00:00+00:00,HB_NORTH,22.15
2012-12-30 14:00:00+00:00,2012-12-30 15:00:00+00:00,HB_NORTH,21.0
2012-12-30 15:00:00+00:00,2012-12-30 16:00:00+00:00,HB_NORTH,20.9
2012-12-30 16:00:00+00:00,2012-12-30 17:00:00+00:00,HB_NORTH,20.89
2012-12-30 17:00:00+00:00,2012-12-30 18:00:00+00:00,HB_NORTH,29.31
2012-12-30 18:00:00+00:00,2012-12-30 19:00:00+00:00,HB_NORTH,36.0
2012-12-30 19:00:00+00:00,2012-12-30 20:00:00+00:00,HB_NORTH,32.31
2012-12-30 20:00:00+00:00,2012-12-30 21:00:00+00:00,HB_NORTH,29.3
2012-12-30 21:00:00+00:00,2012-12-30 22:00:00+00:00,HB_NORTH,26.27
2012-12-30 22:00:00+00:00,2012-12-30 23:00:00+00:00,HB_NORTH,25.56
2012-12-30 23:00:00+00:00,2012-12-31 00:00:00+00:00,HB_NORTH,22.4
2012-12-31 00:00:00+00:00,2012-12-31 01:00:00+00:00,HB_NORTH,23.46
2012-12-31 01:00:00+00:00,2012-12-31 02:00:00+00:00,HB_NORTH,22.35
2012-12-31 02:00:00+00:00,2012-12-31 03:00:00+00:00,HB_NORTH,22.07
2012-12-31 03:00:00+00:00,2012-12-31 04:00:00+00:00,HB_NORTH,22.63
2012-12-31 04:00:00+00:00,2012-12-31 05:00:00+00:00,HB_NORTH,23.07
2012-12-31 05:00:00+00:00,2012-12-31 06:00:00+00:00,HB_NORTH,24.53
2012-12-31 06:00:00+00:00,2012-12-31 07:00:00+00:00,HB_NORTH,26.67
2012-12-31 07:00:00+00:00,2012-12-31 08:00:00+00:00,HB_NORTH,28.98
2012-12-31 08:00:00+00:00,2012-12-31 09:00:00+00:00,HB_NORTH,30.25
2012-12-31 09:00:00+00:00,2012-12-31 10:00:00+00:00,HB_NORTH,30.29
2012-12-31 10:00:00+00:00,2012-12-31 11:00:00+00:00,HB_NORTH,29.45
2012-12-31 11:00:00+00:00,2012-12-31 12:00:00+00:00,HB_NORTH,27.31
2012-12-31 12:00:00+00:00,2012-12-31 13:00:00+00:00,HB_NORTH,25.05
2012-12-31 13:00:00+00:00,2012-12-31 14:00:00+00:00,HB_NORTH,23.01
2012-12-31 14:00:00+00:00,2012-12-31 15:00:00+00:00,HB_NORTH,22.53
2012-12-31 15:00:00+00:00,2012-12-31 16:00:00+00:00,HB_NORTH,21.97
2012-12-31 16:00:00+00:00,2012-12-31 17:00:00+00:00,HB_NORTH,22.4
2012-12-31 17:00:00+00:00,2012-12-31 18:00:00+00:00,HB_NORTH,31.71
2012-12-31 18:00:00+00:00,2012-12-31 19:00:00+00:00,HB_NORTH,37.41
2012-12-31 19:00:00+00:00,2012-12-31 20:00:00+00:00,HB_NORTH,32.18
2012-12-31 20:00:00+00:00,2012-12-31 21:00:00+00:00,HB_NORTH,30.24
2012-12-31 21:00:00+00:00,2012-12-31 22:00:00+00:00,HB_NORTH,26.39
2012-12-31 22:00:00+00:00,2012-12-31 23:00:00+00:00,HB_NORTH,24.96
2012-12-31 23:00:00+00:00,2013-01-01 00:00:00+00:00,HB_NORTH,23.68
